tanggal,pembukaan,tertinggi,terendah,penutupan,volume
2026-01-02,3410.0000,3440.0000,3380.0000,3430.0000,3821000
2026-01-05,3430.0000,3460.0000,3410.0000,3450.0000,3491500
2026-01-06,3460.0000,3470.0000,3380.0000,3390.0000,13214700
2026-01-07,3400.0000,3520.0000,3400.0000,3490.0000,12810800
2026-01-08,3500.0000,3540.0000,3500.0000,3510.0000,9285600
2026-01-09,3520.0000,3530.0000,3460.0000,3480.0000,3479900
2026-01-12,3480.0000,3490.0000,3430.0000,3450.0000,6588000
2026-01-13,3460.0000,3480.0000,3450.0000,3470.0000,3934900
2026-01-14,3490.0000,3530.0000,3480.0000,3490.0000,5319900
2026-01-15,3530.0000,3600.0000,3500.0000,3600.0000,7724800
2026-01-19,3600.0000,3610.0000,3550.0000,3580.0000,5723500
2026-01-20,3580.0000,3580.0000,3530.0000,3550.0000,6333400
2026-01-21,3560.0000,3560.0000,3510.0000,3550.0000,4979400
2026-01-22,3570.0000,3630.0000,3550.0000,3550.0000,8988500
2026-01-23,3570.0000,3610.0000,3560.0000,3600.0000,3774400
2026-01-26,3600.0000,3660.0000,3600.0000,3650.0000,9436000
2026-01-27,3660.0000,3700.0000,3640.0000,3660.0000,15110200
2026-01-28,3650.0000,3650.0000,3540.0000,3590.0000,12161500
2026-01-29,3590.0000,3590.0000,3350.0000,3550.0000,7449200
2026-01-30,3550.0000,3610.0000,3550.0000,3560.0000,4191900
2026-02-02,3580.0000,3630.0000,3520.0000,3610.0000,9878300
2026-02-03,3640.0000,3670.0000,3580.0000,3640.0000,4914000
2026-02-04,3670.0000,3790.0000,3630.0000,3790.0000,12536400
2026-02-05,3790.0000,3800.0000,3740.0000,3750.0000,8789400
2026-02-06,3700.0000,3750.0000,3620.0000,3670.0000,6065300
2026-02-09,3680.0000,3750.0000,3630.0000,3740.0000,4126300
2026-02-10,3750.0000,3760.0000,3720.0000,3740.0000,3122300
2026-02-11,3750.0000,3770.0000,3720.0000,3720.0000,4077300
2026-02-12,3720.0000,3830.0000,3720.0000,3800.0000,7404300
2026-02-13,3790.0000,3840.0000,3740.0000,3750.0000,5837500
2026-02-18,3790.0000,3840.0000,3770.0000,3800.0000,7733800
2026-02-19,3820.0000,3850.0000,3770.0000,3780.0000,3971800
2026-02-20,3800.0000,3810.0000,3750.0000,3760.0000,1824100
2026-02-23,3760.0000,3810.0000,3760.0000,3790.0000,3080800
2026-02-24,3770.0000,3770.0000,3730.0000,3740.0000,4289300
2026-02-25,3770.0000,3790.0000,3750.0000,3780.0000,2327300
2026-02-26,3800.0000,3860.0000,3690.0000,3730.0000,8879700
2026-02-27,3730.0000,3780.0000,3680.0000,3700.0000,3748600
2026-03-02,3640.0000,3650.0000,3570.0000,3600.0000,6963200
2026-03-03,3620.0000,3630.0000,3460.0000,3460.0000,12455600
2026-03-04,3440.0000,3440.0000,3180.0000,3300.0000,12109100
2026-03-05,3310.0000,3380.0000,3310.0000,3340.0000,7755500
2026-03-06,3330.0000,3340.0000,3290.0000,3310.0000,4512200
2026-03-09,3290.0000,3290.0000,3060.0000,3090.0000,14412800
2026-03-10,3130.0000,3240.0000,3120.0000,3180.0000,8138100
2026-03-11,3180.0000,3230.0000,3140.0000,3150.0000,6394100
2026-03-12,3150.0000,3160.0000,3110.0000,3130.0000,1669600
2026-03-13,3130.0000,3140.0000,3030.0000,3070.0000,6930500
2026-03-16,3070.0000,3090.0000,2990.0000,3070.0000,2980400
2026-03-17,3100.0000,3140.0000,3080.0000,3100.0000,2274100
2026-03-25,3100.0000,3120.0000,3050.0000,3120.0000,7077500
2026-03-26,3120.0000,3180.0000,3110.0000,3150.0000,4899500
2026-03-27,3150.0000,3150.0000,3110.0000,3120.0000,1480800
2026-03-30,3090.0000,3110.0000,3040.0000,3100.0000,2879800
2026-03-31,3100.0000,3110.0000,3050.0000,3070.0000,5158100
2026-04-01,3100.0000,3150.0000,3070.0000,3090.0000,3434200
2026-04-02,3090.0000,3120.0000,3050.0000,3080.0000,2689800
2026-04-06,3080.0000,3080.0000,3000.0000,3000.0000,6705700
2026-04-07,3010.0000,3100.0000,3000.0000,3000.0000,2246100
2026-04-08,3050.0000,3140.0000,3030.0000,3130.0000,3304800
2026-04-09,3140.0000,3150.0000,3090.0000,3120.0000,3121800
2026-04-10,3120.0000,3170.0000,3120.0000,3160.0000,3442000
2026-04-13,3120.0000,3250.0000,3110.0000,3250.0000,7900100
2026-04-14,3250.0000,3260.0000,3200.0000,3230.0000,2695200
2026-04-15,3250.0000,3320.0000,3220.0000,3280.0000,3584900
2026-04-16,3320.0000,3320.0000,3250.0000,3290.0000,2760600
2026-04-17,3290.0000,3300.0000,3250.0000,3260.0000,1038000
2026-04-20,3260.0000,3280.0000,3240.0000,3280.0000,1140700
2026-04-21,3280.0000,3290.0000,3250.0000,3290.0000,1205400
2026-04-22,3290.0000,3320.0000,3270.0000,3270.0000,2448800
2026-04-23,3280.0000,3310.0000,3210.0000,3250.0000,1173700
2026-04-24,3240.0000,3250.0000,3170.0000,3210.0000,3927800
2026-04-27,3210.0000,3250.0000,3190.0000,3210.0000,1085700
2026-04-28,3210.0000,3220.0000,3170.0000,3170.0000,1191300
2026-04-29,3170.0000,3200.0000,3140.0000,3140.0000,890000
2026-04-30,3140.0000,3140.0000,2950.0000,2960.0000,8453000
2026-05-04,2970.0000,3000.0000,2930.0000,3000.0000,2923100
2026-05-05,3000.0000,3030.0000,2960.0000,2980.0000,3289900
2026-05-06,2990.0000,3050.0000,2990.0000,3040.0000,1263100
2026-05-07,3050.0000,3120.0000,3000.0000,3020.0000,3846300
2026-05-08,3020.0000,3080.0000,3000.0000,3010.0000,2303300
2026-05-11,3010.0000,3050.0000,2990.0000,3010.0000,2807400
2026-05-12,3020.0000,3040.0000,2970.0000,3010.0000,8048300
2026-05-13,3010.0000,3030.0000,2990.0000,3000.0000,3078200
2026-05-14,3000.0000,3000.0000,3000.0000,3000.0000,0
2026-05-15,3000.0000,3000.0000,3000.0000,3000.0000,0
2026-05-18,3000.0000,3000.0000,2940.0000,2950.0000,3923400
2026-05-19,2950.0000,3000.0000,2910.0000,2920.0000,2226700
2026-05-20,2920.0000,2990.0000,2890.0000,2980.0000,2817100
2026-05-21,3000.0000,3040.0000,2950.0000,2990.0000,2830400
2026-05-22,2990.0000,3020.0000,2940.0000,2950.0000,5561000
2026-05-25,2960.0000,3030.0000,2960.0000,3000.0000,4025100
2026-05-26,3000.0000,3030.0000,2960.0000,2970.0000,6761700
2026-05-27,2970.0000,2970.0000,2970.0000,2970.0000,0
2026-05-28,2970.0000,2970.0000,2970.0000,2970.0000,0
2026-05-29,2980.0000,3030.0000,2970.0000,3010.0000,8438900
2026-06-02,3020.0000,3060.0000,2990.0000,3040.0000,6303100
2026-06-03,2950.0000,2950.0000,2880.0000,2930.0000,3754000
2026-06-04,2920.0000,2930.0000,2780.0000,2930.0000,3304200
2026-06-05,2880.0000,2910.0000,2810.0000,2810.0000,1868400
2026-06-08,2750.0000,2760.0000,2650.0000,2700.0000,6257100
2026-06-09,2700.0000,2770.0000,2640.0000,2750.0000,4024400
2026-06-10,2770.0000,2850.0000,2690.0000,2720.0000,16750000
2026-06-11,2720.0000,2760.0000,2600.0000,2620.0000,7842500
2026-06-12,2630.0000,2650.0000,2600.0000,2600.0000,9670400
2026-06-15,2620.0000,2720.0000,2620.0000,2660.0000,9904100
2026-06-17,2680.0000,2740.0000,2670.0000,2720.0000,4667300
2026-06-18,2720.0000,2730.0000,2590.0000,2590.0000,9103500
2026-06-19,2590.0000,2650.0000,2530.0000,2570.0000,7347100
2026-06-22,2620.0000,2910.0000,2580.0000,2750.0000,22133600
2026-06-23,2750.0000,2880.0000,2750.0000,2850.0000,29515500
2026-06-24,2850.0000,3080.0000,2850.0000,2920.0000,30942700
2026-06-25,2930.0000,3160.0000,2870.0000,3160.0000,33752400
2026-06-26,3160.0000,3170.0000,2910.0000,2940.0000,8143600
2026-06-29,2950.0000,2950.0000,2840.0000,2840.0000,6311000
2026-06-30,2840.0000,2840.0000,2670.0000,2710.0000,12758500
2026-07-01,2700.0000,2740.0000,2630.0000,2640.0000,4002600
2026-07-02,2650.0000,2700.0000,2600.0000,2700.0000,5048800
2026-07-03,2700.0000,2780.0000,2700.0000,2740.0000,3380800
2026-07-06,2740.0000,2780.0000,2730.0000,2760.0000,1855000
2026-07-07,2760.0000,2790.0000,2710.0000,2780.0000,4197700
2026-07-08,2780.0000,2780.0000,2680.0000,2700.0000,3322200
2026-07-09,2700.0000,2730.0000,2680.0000,2690.0000,496500
2026-07-10,2710.0000,2780.0000,2690.0000,2720.0000,2964800
2026-07-13,2730.0000,2740.0000,2670.0000,2710.0000,1927300
2026-07-14,2720.0000,2730.0000,2670.0000,2700.0000,3782800
2026-07-15,2690.0000,2710.0000,2680.0000,2680.0000,1678600
2026-07-16,2700.0000,2730.0000,2680.0000,2730.0000,2648700
2026-07-17,2730.0000,2770.0000,2700.0000,2750.0000,3797500
2026-07-20,2760.0000,2790.0000,2750.0000,2770.0000,4440300
2026-07-21,2770.0000,2790.0000,2750.0000,2780.0000,2064900
2026-07-22,2780.0000,2780.0000,2720.0000,2720.0000,4238000
2026-07-23,2730.0000,2760.0000,2700.0000,2700.0000,3137400
2026-07-24,2700.0000,2800.0000,2690.0000,2720.0000,3965300
2026-07-27,2720.0000,2730.0000,2690.0000,2690.0000,1232200
2026-07-28,2690.0000,2710.0000,2680.0000,2680.0000,1006700
2026-07-29,2690.0000,2710.0000,2660.0000,2690.0000,849200
2026-07-30,2690.0000,2730.0000,2690.0000,2730.0000,999000
2026-07-31,2730.0000,2750.0000,2700.0000,2740.0000,1771200
2026-08-03,2700.0000,2770.0000,2700.0000,2770.0000,4380700
2026-08-04,2780.0000,2780.0000,2740.0000,2760.0000,1022100
2026-08-05,2780.0000,2800.0000,2760.0000,2800.0000,3511500
2026-08-06,2800.0000,2800.0000,2750.0000,2750.0000,2581900
2026-08-07,2750.0000,2800.0000,2750.0000,2790.0000,1889000
2026-08-10,2800.0000,2810.0000,2760.0000,2770.0000,1940800
2026-08-11,2770.0000,2830.0000,2730.0000,2740.0000,3589400
2026-08-12,2760.0000,2780.0000,2720.0000,2760.0000,1785800
2026-08-13,2760.0000,2760.0000,2710.0000,2740.0000,2496200
2026-08-14,2740.0000,2750.0000,2710.0000,2730.0000,500100
2026-08-18,2730.0000,2760.0000,2730.0000,2760.0000,1694300
2026-08-19,2760.0000,2800.0000,2750.0000,2770.0000,3266000
2026-08-20,2780.0000,2810.0000,2770.0000,2790.0000,1664900
2026-08-21,2810.0000,2820.0000,2780.0000,2790.0000,2036200
2026-08-24,2790.0000,2800.0000,2730.0000,2760.0000,2658000
2026-08-26,2750.0000,2780.0000,2730.0000,2740.0000,1938400
2026-08-27,2740.0000,2810.0000,2730.0000,2810.0000,2577700
2026-08-28,2810.0000,2840.0000,2780.0000,2830.0000,3018200
2026-08-31,2830.0000,2960.0000,2830.0000,2960.0000,8253900
2026-09-01,2960.0000,3000.0000,2920.0000,2970.0000,4812900
2026-09-02,2970.0000,3020.0000,2930.0000,2970.0000,3385800
2026-09-03,2970.0000,3050.0000,2940.0000,3040.0000,3400200
2026-09-04,3040.0000,3040.0000,2960.0000,2990.0000,3606300
2026-09-07,2910.0000,2970.0000,2910.0000,2960.0000,1584000
2026-09-08,2960.0000,3010.0000,2930.0000,3010.0000,1335500
2026-09-09,3010.0000,3020.0000,2970.0000,3010.0000,1836300
2026-09-10,3030.0000,3040.0000,2970.0000,2990.0000,1606200
2026-09-11,2990.0000,2990.0000,2920.0000,2950.0000,1789500
2026-09-14,2930.0000,2960.0000,2860.0000,2920.0000,2642700
2026-09-15,2920.0000,2940.0000,2850.0000,2870.0000,3951700
2026-09-16,2870.0000,2900.0000,2840.0000,2840.0000,3676100
2026-09-17,2850.0000,2890.0000,2820.0000,2850.0000,4049000
2026-09-18,2850.0000,2880.0000,2820.0000,2880.0000,7994700
